{"cameraMode":{"drawMode":0,"name":"Shaded","section":"Shading Mode"},"sceneLighting":false,"audioPlay":false,"sceneViewState":{"showFog":true,"showMaterialUpdate":false,"showSkybox":false,"showFlares":true,"showImageEffects":true,"showParticleSystems":true},"in2DMode":false,"pivot":{"x":4.539999961853027,"y":-0.9100000262260437,"z":-6.360000133514404},"rotation":{"x":-0.14658696949481965,"y":0.8532618880271912,"z":-0.34507498145103457,"w":-0.3624635934829712},"size":0.5969167351722717,"orthographic":false}